Pose Name,Image Name,RHA,LHA,REA,LEA,RKA,LKA,RSA,LSA
Sorted_Staff_Pose_or_Dandasana,of 46.jpg:,"91.02858400153553
","92.1273973553206
","91.02858400153553
","177.68704318929804
","168.98455335814825
","1.5214809839156906
","14.837139176728606
","13.417036664701106
"
Sorted_Staff_Pose_or_Dandasana,f 136.jpg:,"74.86743335676076
","78.93170128895765
","74.86743335676076
","168.5744895334998
","39.89006930171164
","137.1577593258158
","4.032152206071342
","6.17116105494771
"
Sorted_Staff_Pose_or_Dandasana,f 138.jpg:,"94.52390547470436
","97.6881639786686
","94.52390547470436
","172.10608529093145
","167.5245527000448
","2.8166316239257125
","7.56082409750461
","4.939893012175547
"
Sorted_Staff_Pose_or_Dandasana,f 200.jpg:,"89.86908588966655
","94.4079501234425
","89.86908588966655
","169.15002839902954
","168.05454349097042
","4.313634121119813
","9.307315010181949
","14.818002978107362
"
Sorted_Staff_Pose_or_Dandasana,f 407.jpg:,"94.55771186503505
","101.43369827472188
","94.55771186503505
","170.43041965693035
","171.01105171815937
","1.1367189471453112
","6.598698202984098
","10.879068122161163
"
Sorted_Staff_Pose_or_Dandasana,f 421.jpg:,"100.64607569176816
","102.53187012266864
","100.64607569176816
","159.83007234020275
","159.94262221545137
","6.537153738521524
","7.00462426332825
","7.268817505377417
"
Sorted_Staff_Pose_or_Dandasana,f 508.jpg:,"97.9691077815775
","101.57646780909724
","97.9691077815775
","169.6545109471716
","168.6317556893323
","2.910020032020248
","15.776722782409292
",19.686419579113576
