Pose Name,Image Name,RHA,LHA,REA,LEA,RKA,LKA,RSA,LSA
Sorted_Archers_pose,of 1.jpg:,"59.45885798065373
","140.65622076633113
","59.45885798065373
","25.40491892679928
","170.73372709130658
","71.3971435525772
","90.61739981576918
","123.71403030996024
"
Sorted_Archers_pose,of 26.jpg:,"52.57090825740089
","54.581507069525976
","52.57090825740089
","1.17557348333347
","174.9278431254601
","143.80960190667645
","103.03728622184482
","63.519247916462994
"
Sorted_Archers_pose,of 43.jpg:,"76.86344178046477
","83.59077882487576
","76.86344178046477
","165.37438891678426
","117.41239978704155
","68.149855061997
","83.53219687476442
","94.39222879024345
"
Sorted_Archers_pose,of 47.jpg:,"69.63022397222103
","41.64628625187575
","69.63022397222103
","13.712968283380482
","171.4568068398741
","162.2911893115602
","70.79859494502342
","82.10799880020552
"
Sorted_Archers_pose,of 68.jpg:,"62.964111597996656
","17.823919599612175
","62.964111597996656
","9.39806403028524
","5.79966247067225
","147.13088678626357
","62.34571798533513
","102.20665899350918
"
Sorted_Archers_pose,ose_1.jpg:,"65.7901403926984
","5.2911687970386785
","65.7901403926984
","26.17311336900192
","170.20959043217965
","101.80519672332903
","72.94586856453634
","122.04740064954976
"
Sorted_Archers_pose,f New.jpg:,"81.53508500685213
","18.099870933319824
","81.53508500685213
","3.6691002729386484
","171.77296609666163
","143.15500937443335
","54.25716367334917
","112.22128443719929
"
Sorted_Archers_pose,New_2.jpg:,"18.104506234885108
","23.860106903711785
","18.104506234885108
","25.884364223900743
","101.14791376133462
","165.4062671078276
","53.76362187426908
",137.24677817715468
